design,optimization,stage,delay_ns,critical
FLP_adder_7,Area,1,0.8148,False
FLP_adder_7,Area,2,0.2846,False
FLP_adder_7,Area,3,0.7634,False
FLP_adder_7,Area,4,0.4935,False
FLP_adder_7,Area,5,0.9631,True
FLP_adder_7,Area,6,0.6051,False
FLP_adder_7,Area,7,0.2220,False
FLP_adder_7,Delay,1,0.2452,False
FLP_adder_7,Delay,2,0.2057,False
FLP_adder_7,Delay,3,0.2423,False
FLP_adder_7,Delay,4,0.2310,False
FLP_adder_7,Delay,5,0.2461,True
FLP_adder_7,Delay,6,0.2447,False
FLP_adder_7,Delay,7,0.1655,False
FLP_adder_7,Between,1,0.5929,False
FLP_adder_7,Between,2,0.2049,False
FLP_adder_7,Between,3,0.5997,False
FLP_adder_7,Between,4,0.6036,False
FLP_adder_7,Between,5,0.6043,False
FLP_adder_7,Between,6,0.6051,True
FLP_adder_7,Between,7,0.1655,False
FLP_adder_4,Area,1,0.9907,False
FLP_adder_4,Area,2,0.8398,False
FLP_adder_4,Area,3,0.9909,True
FLP_adder_4,Area,4,0.6284,False
FLP_adder_4,Delay,1,0.2460,False
FLP_adder_4,Delay,2,0.2466,False
FLP_adder_4,Delay,3,0.2472,False
FLP_adder_4,Delay,4,0.2610,True
FLP_adder_4,Between,1,0.6165,True
FLP_adder_4,Between,2,0.6111,False
FLP_adder_4,Between,3,0.6160,False
FLP_adder_4,Between,4,0.5200,False
FLP_mul_3,Area,1,0.0448,False
FLP_mul_3,Area,2,1.8572,True
FLP_mul_3,Area,3,0.8006,False
FLP_mul_3,Delay,1,0.0448,False
FLP_mul_3,Delay,2,0.3713,False
FLP_mul_3,Delay,3,0.3847,True
FLP_mul_3,Between,1,0.0448,False
FLP_mul_3,Between,2,1.1122,True
FLP_mul_3,Between,3,0.7570,False
