design,optimization,comb_um2,seq_um2,total_um2,delay_ns,latency_ns,dynamic_w,leakage_w,power_w
FXP_adder,Area,34.163,0.000,34.163,0.8857,0.8857,2.31691e-05,1.88506e-08,2.3188e-05
FXP_adder,Delay,120.839,0.000,120.839,0.0889,0.0889,0.000584743,1.0841e-07,0.000584851
FXP_adder,Between,50.700,0.000,50.700,0.4831,0.4831,5.19979e-05,3.09183e-08,5.20288e-05
FXP_mul,Area,918.190,0.000,918.190,1.9950,1.9950,0.000551932,2.78908e-07,0.000552211
FXP_mul,Delay,1492.163,0.000,1492.163,0.3320,0.3320,0.0063668,1.4635e-06,0.00636826
FXP_mul,Between,986.101,0.000,986.101,1.1639,1.1639,0.0010096,5.82525e-07,0.00101018
FLP_adder,Area,409.899,0.000,409.899,3.1723,3.1723,0.00011355,3.62552e-07,0.000113913
FLP_adder,Delay,735.817,0.000,735.817,0.7900,0.7900,0.000633993,6.60959e-07,0.000634654
FLP_adder,Between,424.829,0.000,424.829,1.9817,1.9817,0.000155839,3.31192e-07,0.000156171
FLP_adder_7,Area,493.672,263.140,756.812,0.9631,6.7417,0.000956362,6.24229e-07,0.000956986
FLP_adder_7,Delay,610.831,263.140,873.971,0.2452,1.7164,0.0036655,6.96837e-07,0.0036662
FLP_adder_7,Between,520.370,263.140,783.510,0.6051,4.2357,0.0015158,6.7181e-07,0.00151647
FLP_adder_4,Area,456.503,131.570,588.073,0.9909,3.9634,0.000664966,4.90222e-07,0.000665456
FLP_adder_4,Delay,629.597,131.570,761.167,0.2460,0.9838,0.0025647,6.0723e-07,0.00256531
FLP_adder_4,Between,457.332,131.570,588.902,0.6165,2.4660,0.000951307,4.84538e-07,0.000951791
FLP_mul,Area,582.993,0.000,582.993,2.4242,2.4242,0.000273033,2.07327e-07,0.00027324
FLP_mul,Delay,1034.364,0.000,1034.364,0.4590,0.4590,0.0030338,1.117e-06,0.00303492
FLP_mul,Between,639.550,0.000,639.550,1.1549,1.1549,0.00051895,4.76348e-07,0.000519426
FLP_mul_3,Area,640.328,93.312,733.640,1.8572,5.5716,0.000313316,2.91722e-07,0.000313608
FLP_mul_3,Delay,1046.598,96.111,1142.709,0.3713,1.1139,0.0022573,1.0987e-06,0.0022584
FLP_mul_3,Between,671.172,93.312,764.484,1.1122,3.3365,0.000541859,4.99526e-07,0.000542358
